name,phone,email,age
Tonnie O'Gleasane,469-649-8443,togleasane0@domainmarket.com,6
Hollyanne Pollastro,775-349-2849,hpollastro1@hugedomains.com,77
Carita Colyer,202-474-5802,ccolyer2@google.co.jp,71
Vita Brownbill,426-286-1899,vbrownbill3@list-manage.com,43
Katherine Snap,815-713-4107,ksnap4@instagram.com,41
Ulric Taylor,326-465-5826,utaylor5@w3.org,100
Tucker Jenman,138-784-0799,tjenman6@answers.com,26
Gwendolin Otson,545-539-7358,gotson7@statcounter.com,96
Nicolette Bambery,400-262-4786,nbambery8@stanford.edu,51
Jocelin Jarvis,612-354-1796,jjarvis9@1688.com,69
Teddie Winkle,513-993-1314,twinklea@rediff.com,51
Nell Knibley,724-982-1505,nknibleyb@hatena.ne.jp,71
Janessa Trusty,832-639-7439,jtrustyc@opensource.org,90
Kaspar Pennicott,808-939-5225,kpennicottd@themeforest.net,68
Ariel Meere,709-645-9647,ameeree@youtube.com,5
Jermaine Bellchamber,289-750-3489,jbellchamberf@nifty.com,17
Alexa Fantonetti,527-776-9936,afantonettig@army.mil,72
Avery Follows,764-167-8388,afollowsh@cnbc.com,61
Gabbie Storch,181-783-6722,gstorchi@webs.com,97
Ilse Yackiminie,520-576-1755,iyackiminiej@hhs.gov,70
Trefor Szymczyk,731-414-5023,tszymczykk@army.mil,15
Sal Renshaw,242-249-2959,srenshawl@dot.gov,59
Flora Jeffels,556-912-7430,fjeffelsm@paginegialle.it,20
Laney Stoyell,584-487-5207,lstoyelln@soundcloud.com,71
Cristine Juanes,634-990-2867,cjuaneso@nba.com,3
Timmy Elsegood,633-652-9013,telsegoodp@last.fm,59
Nadine Pfiffer,563-510-1456,npfifferq@seesaa.net,98
Brian Burkitt,854-674-6457,bburkittr@pagesperso-orange.fr,47
North Sear,731-354-0379,nsears@prlog.org,95
Cosmo Jehan,773-322-1412,cjehant@soundcloud.com,76
Ertha Pitcher,577-472-4692,epitcheru@cargocollective.com,65
Hallie Darby,992-263-3120,hdarbyv@sfgate.com,15
Boonie Sansun,549-740-6818,bsansunw@g.co,91
Michell Isaaksohn,683-609-5214,misaaksohnx@house.gov,64
Ursuline Guess,416-245-8032,uguessy@last.fm,71
Rycca Hallihane,257-225-3612,rhallihanez@hhs.gov,61
Mignonne Toombes,675-189-8553,mtoombes10@hugedomains.com,3
Mirella Sotworth,487-987-6720,msotworth11@gravatar.com,23
Boyd McKerton,138-242-2060,bmckerton12@bloglines.com,14
Babita Zorener,566-700-6606,bzorener13@over-blog.com,24
Fletcher D'Almeida,359-244-5937,fdalmeida14@addtoany.com,2
Niven Berthe,442-531-0141,nberthe15@youku.com,45
Kassey Flannigan,836-827-3657,kflannigan16@independent.co.uk,64
Lib Di Meo,153-475-6422,ldi17@soundcloud.com,47
Ann-marie Bogie,621-236-1254,abogie18@ihg.com,93
Diandra Guise,409-959-8161,dguise19@ezinearticles.com,63
Kore Wittey,524-130-6278,kwittey1a@un.org,76
Berkeley Sainte Paul,501-979-6068,bsainte1b@alexa.com,3
Gaye Caulfield,532-740-2995,gcaulfield1c@boston.com,30
Kevin Durran,488-570-8015,kdurran1d@fda.gov,18
Fayette Langstrath,713-221-1543,flangstrath1e@dailymail.co.uk,11
Faith Bullick,470-885-7989,fbullick1f@ibm.com,13
Laverna Podd,734-959-9703,lpodd1g@facebook.com,13
Geno Hebblewaite,574-390-8021,ghebblewaite1h@goodreads.com,19
Ware Fields,214-234-7083,wfields1i@phpbb.com,36
Sloan Jeske,621-656-9083,sjeske1j@ustream.tv,24
Benn Kaley,641-857-8848,bkaley1k@wsj.com,23
Zorine Witcomb,142-182-7448,zwitcomb1l@acquirethisname.com,22
Elsa Filmer,108-869-6049,efilmer1m@fda.gov,7
Olga Bleyman,673-957-9358,obleyman1n@hao123.com,88
Eloise Toohey,445-800-8565,etoohey1o@nhs.uk,10
Dyanna Rutigliano,730-285-8043,drutigliano1p@unblog.fr,47
Kissie Instone,566-664-3529,kinstone1q@freewebs.com,75
Lura Kimmel,600-616-6722,lkimmel1r@mozilla.com,75
Josiah MacDunleavy,437-956-9704,jmacdunleavy1s@ustream.tv,60
Alanah Groucock,137-358-8093,agroucock1t@stumbleupon.com,2
Iris Tomaello,880-478-6161,itomaello1u@rediff.com,48
Cordie Petford,101-866-9159,cpetford1v@hostgator.com,11
Eadith Slainey,654-900-5972,eslainey1w@flavors.me,42
Scarlett Seligson,686-495-1576,sseligson1x@discovery.com,60
Mic Torrans,653-219-8805,mtorrans1y@timesonline.co.uk,14
Dominick Korejs,223-846-0465,dkorejs1z@amazon.com,96
Raphael Chasmer,897-139-7971,rchasmer20@storify.com,9
Frazier Veale,372-154-7709,fveale21@thetimes.co.uk,56
Adams Kidde,324-786-4653,akidde22@nationalgeographic.com,91
Debera Peasegood,166-652-6552,dpeasegood23@instagram.com,73
Karlis Birbeck,744-335-2859,kbirbeck24@chronoengine.com,31
Bank Poore,448-278-7457,bpoore25@t.co,47
Archibald Yoxall,267-543-9582,ayoxall26@is.gd,67
Koren Clemente,739-686-4188,kclemente27@chicagotribune.com,93
Rance Budgeon,398-644-6645,rbudgeon28@freewebs.com,6
Twyla Boyse,831-236-8704,tboyse29@bluehost.com,37
Prent Bispo,948-126-5413,pbispo2a@qq.com,82
Natal Adair,834-393-8038,nadair2b@infoseek.co.jp,42
Laurence Eslemont,919-444-0486,leslemont2c@xinhuanet.com,38
Allyn McLeese,536-506-1985,amcleese2d@dailymotion.com,21
Magdalen Beaten,412-140-5077,mbeaten2e@networksolutions.com,31
Donaugh Durnall,444-251-1140,ddurnall2f@mail.ru,41
Gracia Winspare,978-562-6406,gwinspare2g@facebook.com,33
Chelsie Ciubutaro,378-509-2044,cciubutaro2h@umn.edu,80
Grenville Woolcocks,312-880-9817,gwoolcocks2i@4shared.com,13
Aksel Docherty,777-260-3517,adocherty2j@nps.gov,88
Isidora Ricardon,839-373-8895,iricardon2k@surveymonkey.com,60
Alta Wainman,125-830-9397,awainman2l@lulu.com,50
Daisi Hargey,789-167-3993,dhargey2m@sfgate.com,76
Tisha Embling,289-682-1989,tembling2n@privacy.gov.au,76
Abbie Steere,946-726-1878,asteere2o@alibaba.com,27
Melamie Riha,960-479-7533,mriha2p@themeforest.net,99
Bev Kilby,788-815-3720,bkilby2q@loc.gov,10
Claudelle Glazzard,850-355-1856,cglazzard2r@about.me,10
Osbourne Sarsons,963-308-0554,osarsons2s@smugmug.com,44
Bryana Le Fleming,836-556-0938,ble2t@ustream.tv,12
Clim Wardington,477-933-4193,cwardington2u@163.com,31
Ramon Bahia,168-456-2627,rbahia2v@myspace.com,90
Gaspar Callicott,188-435-0238,gcallicott2w@blogs.com,92
Adel Dainty,942-266-1669,adainty2x@51.la,65
Constantino Farriar,258-745-0257,cfarriar2y@sbwire.com,26
Constantia Michelmore,789-537-7443,cmichelmore2z@netscape.com,95
Daryn Rivett,857-734-0303,drivett30@about.me,43
Rosana Marre,380-278-2475,rmarre31@sogou.com,13
Nanci McGourty,846-689-3660,nmcgourty32@tripod.com,37
Ramsey De Matteis,808-866-8924,rde33@ed.gov,21
Ferguson Standering,692-964-9103,fstandering34@cbc.ca,94
Linnie Dollard,950-678-2280,ldollard35@omniture.com,16
Tomasine Berthome,244-301-1261,tberthome36@weebly.com,63
Emlyn Messham,717-810-2371,emessham37@forbes.com,24
Shandra Butterley,340-371-0699,sbutterley38@ft.com,87
Ynez Linnock,372-164-2527,ylinnock39@imageshack.us,47
Kissee Burg,681-326-6066,kburg3a@springer.com,18
Rubie Bridge,227-916-0061,rbridge3b@icio.us,26
Luella Stathor,220-188-3136,lstathor3c@hao123.com,7
Betteanne Zapatero,401-907-6409,bzapatero3d@yolasite.com,29
Lissi Delcastel,133-752-5099,ldelcastel3e@springer.com,84
Lexy Bettles,152-423-4144,lbettles3f@com.com,11
Lucy Lockton,772-605-2268,llockton3g@wiley.com,76
Lynett Byer,100-506-2124,lbyer3h@usgs.gov,82
Karee Skevington,798-780-6170,kskevington3i@360.cn,93
Cynthie Bedford,588-390-4180,cbedford3j@exblog.jp,54
Gaynor Annwyl,412-923-5217,gannwyl3k@opensource.org,37
Errick Skrzynski,671-502-8133,eskrzynski3l@sourceforge.net,40
Ingar De Michetti,582-994-4496,ide3m@fastcompany.com,65
Eula Maltby,602-493-0094,emaltby3n@ed.gov,81
Shana Matevushev,816-308-1194,smatevushev3o@nbcnews.com,99
Aime Proger,996-586-8778,aproger3p@facebook.com,45
Joyous Rablan,128-845-0446,jrablan3q@businesswire.com,45
Merla Bellringer,575-740-7968,mbellringer3r@blinklist.com,38
Magnum Sollis,998-308-6172,msollis3s@e-recht24.de,43
Patty Mucklestone,801-127-5293,pmucklestone3t@barnesandnoble.com,68
Andie Willowby,191-898-8928,awillowby3u@wsj.com,92
Marysa Aikman,816-451-6608,maikman3v@wikimedia.org,75
Constancy Ekkel,562-117-0105,cekkel3w@delicious.com,73
Terza Goligher,859-884-9616,tgoligher3x@vk.com,28
Stephi Boullin,428-419-3935,sboullin3y@themeforest.net,53
Franky Boor,652-130-1230,fboor3z@omniture.com,36
Jeri Lyte,869-391-4270,jlyte40@wordpress.org,67
Adel Trenholm,546-771-3851,atrenholm41@mayoclinic.com,34
Dunc Heatly,813-819-2414,dheatly42@reddit.com,41
Lesly Sambeck,234-731-0292,lsambeck43@webmd.com,64
Eddy Tootin,549-119-7080,etootin44@cargocollective.com,80
Mickie Denyer,344-740-4726,mdenyer45@cisco.com,70
Angelo Foxon,280-172-3249,afoxon46@nhs.uk,98
Alf Ryall,338-769-1509,aryall47@netscape.com,76
Artemas Lowle,455-989-4100,alowle48@usatoday.com,9
Verne Biddleston,614-181-0295,vbiddleston49@gnu.org,99
Emelia Fominov,214-852-7358,efominov4a@multiply.com,69
Tilly Simenon,676-925-6068,tsimenon4b@nih.gov,40
Gerrie Breslauer,806-980-7690,gbreslauer4c@booking.com,29
Murielle Niland,815-310-7355,mniland4d@drupal.org,95
Jo ann Kibbee,794-924-1539,jann4e@diigo.com,55
Kissee Ludgate,850-245-4947,kludgate4f@wikipedia.org,95
Charlotta Thaim,376-677-7817,cthaim4g@example.com,19
Roselia Berens,698-115-8829,rberens4h@360.cn,79
Cleopatra Jermyn,928-665-7883,cjermyn4i@posterous.com,39
Stacee Bentson,739-423-1390,sbentson4j@soup.io,41
Hammad Satteford,574-784-5979,hsatteford4k@domainmarket.com,73
Kelby Percifull,477-499-7161,kpercifull4l@comcast.net,46
Drusi Smaridge,888-799-0971,dsmaridge4m@bbb.org,91
Harlan Plewman,860-576-5849,hplewman4n@comcast.net,33
Micky Roz,266-812-0606,mroz4o@nytimes.com,28
Daffi Keysall,690-974-4758,dkeysall4p@bloglovin.com,41
Filip Seagrove,882-546-4846,fseagrove4q@umn.edu,39
Padriac Hudd,503-294-1259,phudd4r@state.tx.us,91
Karylin Probart,623-318-3284,kprobart4s@printfriendly.com,77
Stanislaw Parkins,270-493-0870,sparkins4t@netlog.com,27
Manya Ryland,902-503-0739,mryland4u@google.pl,91
Natassia Deacock,385-858-7743,ndeacock4v@theatlantic.com,42
Malvin Stooke,620-233-7293,mstooke4w@etsy.com,22
Bard Twamley,656-291-9004,btwamley4x@weather.com,100
Ashli Cappleman,897-797-2086,acappleman4y@dagondesign.com,66
Kelli Baigent,820-734-1750,kbaigent4z@mlb.com,100
Avictor Murley,465-969-7563,amurley50@youtube.com,93
Efren Timmins,831-556-6447,etimmins51@printfriendly.com,28
Lauryn Anan,237-419-6049,lanan52@xrea.com,67
Ronnica Poynor,140-244-6455,rpoynor53@360.cn,49
Douglas Yurmanovev,341-100-8578,dyurmanovev54@biblegateway.com,96
Carmina Brellin,534-498-7459,cbrellin55@xinhuanet.com,2
Vivienne Screeton,421-329-5056,vscreeton56@angelfire.com,85
Tim Bergeau,607-978-8696,tbergeau57@seattletimes.com,79
Dorita Quadri,376-247-6536,dquadri58@weibo.com,64
Merci Halfhead,746-509-6952,mhalfhead59@si.edu,50
Jemmie Allchin,452-554-6141,jallchin5a@ycombinator.com,21
Charil Skittrall,978-642-1466,cskittrall5b@tamu.edu,58
Genevieve Tucknutt,775-656-4719,gtucknutt5c@cam.ac.uk,63
Nancy Beeston,886-104-2021,nbeeston5d@usatoday.com,49
Chantalle Dowthwaite,501-881-2200,cdowthwaite5e@nps.gov,34
Tedd Harkess,309-959-0469,tharkess5f@jimdo.com,41
Jo-anne Dyson,992-805-3385,jdyson5g@gizmodo.com,83
Miof mela Priestman,401-110-5016,mmela5h@cocolog-nifty.com,23
Derron Noke,265-530-5578,dnoke5i@storify.com,99
Renate Chidgey,741-568-2869,rchidgey5j@accuweather.com,18
Ginevra Moreing,639-557-2552,gmoreing5k@hc360.com,55
Cleopatra Varnes,837-981-7599,cvarnes5l@marketwatch.com,61
Artemis Croster,292-550-2272,acroster5m@nbcnews.com,70
Liana Stife,650-823-2703,lstife5n@scientificamerican.com,43
Ly Brettoner,738-229-3906,lbrettoner5o@yellowpages.com,53
Arly Dupre,436-435-7982,adupre5p@canalblog.com,8
Maribel Mellhuish,282-867-6943,mmellhuish5q@google.pl,78
Lianna McCaskell,333-278-4119,lmccaskell5r@salon.com,93
Missy Vivian,218-301-3954,mvivian5s@arstechnica.com,55
Arvin Adenet,305-932-4560,aadenet5t@networksolutions.com,39
Germana Manjin,334-130-2412,gmanjin5u@squarespace.com,25
Chaunce Boak,905-799-5530,cboak5v@phoca.cz,100
Avigdor Mates,849-237-3157,amates5w@telegraph.co.uk,97
Carin Trevett,517-357-5254,ctrevett5x@newyorker.com,75
Elmo Rosario,711-758-6830,erosario5y@dropbox.com,65
Jeannie Samson,163-620-1658,jsamson5z@csmonitor.com,73
Evie Grima,246-512-2585,egrima60@liveinternet.ru,89
Angelo Goody,563-956-0351,agoody61@meetup.com,23
Charity Tidbold,489-348-7359,ctidbold62@zdnet.com,71
Vicki MacKeogh,751-101-9818,vmackeogh63@wufoo.com,46
Iago Janic,976-534-8873,ijanic64@nasa.gov,50
Rob Eva,335-327-5003,reva65@livejournal.com,66
Dode Menichillo,717-997-3036,dmenichillo66@wiley.com,64
Casar Dubble,596-175-1048,cdubble67@bravesites.com,90
Hyacinthia Bysh,300-229-4241,hbysh68@businessinsider.com,76
Ana Able,218-258-3484,aable69@businessweek.com,37
Bernice Tamburi,405-556-1837,btamburi6a@auda.org.au,90
Patton Boule,710-888-7555,pboule6b@unesco.org,37
Case Grayer,730-429-0672,cgrayer6c@eepurl.com,26
Jillian Rome,830-829-4374,jrome6d@cocolog-nifty.com,42
Arlinda Beves,272-228-7522,abeves6e@census.gov,95
Kristina Whoston,262-616-1354,kwhoston6f@gravatar.com,78
Noami Klageman,596-591-8530,nklageman6g@ebay.com,49
Marla Le Huquet,419-536-0564,mle6h@shareasale.com,95
Milena Beagrie,155-591-0092,mbeagrie6i@stumbleupon.com,84
Rhoda Kluss,848-114-1127,rkluss6j@netscape.com,3
Libbi Hairs,862-269-2004,lhairs6k@microsoft.com,74
Justino Crawshay,115-914-5512,jcrawshay6l@guardian.co.uk,31
Myriam Siddon,801-345-4354,msiddon6m@alibaba.com,6
Derwin Caple,472-233-1181,dcaple6n@dion.ne.jp,59
Rockie Zoanetti,519-202-4700,rzoanetti6o@github.io,23
Arlena Crossman,122-889-2334,acrossman6p@stumbleupon.com,45
Tammie Bebis,492-472-9662,tbebis6q@google.com.au,21
Madelene Mullally,695-411-1587,mmullally6r@github.com,44
Andrus Stent,804-988-1975,astent6s@netscape.com,59
Sansone Lund,404-245-5872,slund6t@si.edu,15
Vernen Rosenhaus,151-501-3742,vrosenhaus6u@sourceforge.net,11
Cilka Questier,937-134-6955,cquestier6v@sfgate.com,53
Winfield Lockery,991-575-5848,wlockery6w@tinyurl.com,11
Gill Corse,275-319-6979,gcorse6x@pagesperso-orange.fr,57
Constantino De Ath,953-232-5006,cde6y@pbs.org,15
Massimiliano Lifsey,996-412-5947,mlifsey6z@hao123.com,47
Giacopo Deveril,780-532-1031,gdeveril70@slate.com,13
Coralie Loader,228-757-9596,cloader71@fema.gov,58
Aldon McCathie,361-871-9883,amccathie72@a8.net,57
Janek Waldron,112-574-7393,jwaldron73@joomla.org,68
Wyatan Speirs,619-696-8837,wspeirs74@blogger.com,73
Sammie Brightwell,566-309-7576,sbrightwell75@mail.ru,54
Dacy Wormell,832-866-8931,dwormell76@cornell.edu,37
Vere Cardillo,662-608-9603,vcardillo77@go.com,12
Shirley Cordero,277-350-5004,scordero78@gov.uk,92
Dionysus Knivett,874-260-9967,dknivett79@nhs.uk,57
Dotty Wix,506-365-7481,dwix7a@java.com,89
Anthony Wimp,583-362-8167,awimp7b@dropbox.com,9
Cherry Cornew,913-716-5352,ccornew7c@zimbio.com,80
Nevins Porker,235-235-1036,nporker7d@microsoft.com,59
Rhetta Habbijam,169-889-3995,rhabbijam7e@homestead.com,14
Matti Cuxson,305-500-0090,mcuxson7f@cafepress.com,24
Webb Cheer,449-418-2802,wcheer7g@apple.com,17
Wilbert Twining,334-439-7991,wtwining7h@netscape.com,25
Gonzales Caws,237-287-3368,gcaws7i@ucsd.edu,88
Joell Botley,235-996-1272,jbotley7j@alexa.com,43
Con Illiston,588-959-8722,cilliston7k@jalbum.net,56
Emanuele Borzoni,697-384-1086,eborzoni7l@intel.com,59
Constantin Gockelen,387-265-2084,cgockelen7m@scientificamerican.com,2
Fidole Pingstone,842-359-8294,fpingstone7n@creativecommons.org,93
Averil Milmore,680-540-2030,amilmore7o@vk.com,29
Ethelyn Blincoe,934-237-3315,eblincoe7p@delicious.com,24
Mickie Aaronson,172-364-6650,maaronson7q@myspace.com,97
Daffy Brashier,301-964-2424,dbrashier7r@npr.org,22
Marcille Cottrell,356-920-5788,mcottrell7s@bbb.org,59
Lily Levene,919-946-7135,llevene7t@gizmodo.com,73
D'arcy Papez,391-107-3733,dpapez7u@buzzfeed.com,9
Gardie Mertel,146-639-8810,gmertel7v@auda.org.au,10
Lisette Martschik,252-534-3088,lmartschik7w@edublogs.org,55
Jason Doull,983-189-1420,jdoull7x@psu.edu,18
Flossi Gotmann,647-298-5463,fgotmann7y@telegraph.co.uk,23
Caprice Cartman,668-955-0602,ccartman7z@berkeley.edu,47
Philomena Tomlinson,746-354-8933,ptomlinson80@latimes.com,53
Valenka Gunderson,485-132-6576,vgunderson81@altervista.org,66
Wayne Sparrowhawk,391-822-0984,wsparrowhawk82@slideshare.net,56
Eduard Jennery,544-450-2226,ejennery83@naver.com,23
Rochette Sheran,164-715-9711,rsheran84@globo.com,87
Julienne Manilo,803-131-4823,jmanilo85@google.com,62
Nikola Hanwell,896-723-2000,nhanwell86@cbslocal.com,99
Brandise Cabrera,813-634-4748,bcabrera87@chicagotribune.com,12
Desiri Abbes,526-289-0882,dabbes88@ed.gov,60
Eartha Hoggins,379-972-3911,ehoggins89@storify.com,16
Annamarie Shenley,602-126-7968,ashenley8a@surveymonkey.com,8
Darlleen Polak,614-703-1848,dpolak8b@uol.com.br,91
Lynne Swanston,730-466-9393,lswanston8c@pcworld.com,50
Teena Steggals,289-781-2970,tsteggals8d@ucoz.ru,68
Rianon Reinard,428-109-9369,rreinard8e@mlb.com,29
Manon Bentje,521-909-9574,mbentje8f@artisteer.com,70
Isaak Bradman,248-775-3191,ibradman8g@bing.com,43
Marina Bedford,335-609-1354,mbedford8h@xrea.com,100
Conchita Comport,410-488-7830,ccomport8i@aol.com,49
Kellia Extence,917-224-6799,kextence8j@wiley.com,6
April Ofer,447-802-6048,aofer8k@hc360.com,97
Jedd Trimby,400-206-8761,jtrimby8l@sbwire.com,3
Maynard Cullotey,722-296-4135,mcullotey8m@google.nl,24
Buck Lorent,261-834-8428,blorent8n@rakuten.co.jp,38
Alonso Blowes,834-877-6313,ablowes8o@macromedia.com,18
Lishe Robiou,782-408-1646,lrobiou8p@liveinternet.ru,40
Bone Rittmeyer,903-358-0983,brittmeyer8q@angelfire.com,94
Emery Berardt,592-239-0479,eberardt8r@meetup.com,98
Ransom Shill,386-271-4024,rshill8s@shop-pro.jp,43
Moria Earngy,511-482-2781,mearngy8t@washingtonpost.com,64
Saw Gorthy,194-667-3534,sgorthy8u@npr.org,29
Sharl Cerie,789-981-4515,scerie8v@blogs.com,70
Clarie Newbury,774-923-6760,cnewbury8w@cnn.com,41
Web Minster,312-174-3118,wminster8x@nhs.uk,43
Dredi Kestin,548-628-7071,dkestin8y@europa.eu,89
Salvidor Rushbrooke,705-862-0709,srushbrooke8z@yellowbook.com,88
Justinian Hospital,853-306-0202,jhospital90@nationalgeographic.com,2
Kerri Webling,434-652-4199,kwebling91@senate.gov,70
Lucilia McLemon,129-154-9481,lmclemon92@tuttocitta.it,90
Ivette Castagneto,861-580-5760,icastagneto93@kickstarter.com,89
Kit Wareham,502-387-1177,kwareham94@home.pl,5
Amber Brookwood,347-945-4238,abrookwood95@yolasite.com,50
Gale Gribben,268-486-7364,ggribben96@w3.org,28
Carver Sollars,711-547-5632,csollars97@examiner.com,22
Egbert Mahony,572-208-9242,emahony98@google.co.uk,20
Cherye Courtney,329-608-8336,ccourtney99@cyberchimps.com,11
Etan Dumberell,290-628-5941,edumberell9a@weebly.com,65
Tandy Ertel,508-869-2240,tertel9b@alibaba.com,76
Rivkah Hasloch,732-644-0971,rhasloch9c@hp.com,72
Jermaine Dennert,478-614-6107,jdennert9d@jigsy.com,60
Abdel Brockelsby,601-186-0869,abrockelsby9e@opera.com,21
Lindy Coad,239-406-6537,lcoad9f@themeforest.net,67
Abbe Kellock,703-980-3878,akellock9g@berkeley.edu,67
Fionna Bullar,404-484-7212,fbullar9h@independent.co.uk,38
Dore Starmore,490-534-4491,dstarmore9i@tinypic.com,54
Cissiee Tuppeny,521-241-2076,ctuppeny9j@loc.gov,95
Iago Zolini,114-144-2888,izolini9k@networkadvertising.org,100
Orville Minnis,409-708-9843,ominnis9l@yelp.com,2
Silvester Cyson,381-820-8403,scyson9m@youtube.com,83
Vanna Planks,592-716-4290,vplanks9n@kickstarter.com,17
Margalo Roocroft,564-464-4997,mroocroft9o@blog.com,12
Kevin Chrystie,258-164-0018,kchrystie9p@ebay.co.uk,38
Felice Twallin,958-175-0502,ftwallin9q@123-reg.co.uk,81
Letty Dundin,191-569-6155,ldundin9r@t-online.de,36
Janeva Lismore,478-316-9695,jlismore9s@usgs.gov,58
Laurena Yakutin,111-857-6175,lyakutin9t@paypal.com,44
Gabriela Klimuk,824-875-2085,gklimuk9u@nps.gov,84
Lance Bourgour,305-285-6276,lbourgour9v@wikispaces.com,27
Janeta Shawley,643-413-7045,jshawley9w@globo.com,71
Dulcine Hurrion,217-666-6235,dhurrion9x@adobe.com,46
Franklyn Doone,330-781-6754,fdoone9y@princeton.edu,7
Wallas Baggs,419-459-1996,wbaggs9z@kickstarter.com,78
Aristotle Weth,202-550-4889,awetha0@odnoklassniki.ru,56
Jayne Frudd,857-427-1420,jfrudda1@opensource.org,14
Son Lyston,135-632-7972,slystona2@symantec.com,19
Dee dee Lorinez,913-340-8392,ddeea3@netlog.com,13
Antone Rottery,168-546-9831,arotterya4@fotki.com,61
Chryste Giacobini,690-817-8707,cgiacobinia5@lulu.com,86
Cathleen Innman,535-445-3980,cinnmana6@twitpic.com,60
Thayne Drife,455-619-2355,tdrifea7@privacy.gov.au,86
Domenico Eddowes,696-101-5821,deddowesa8@tripod.com,19
Matthus Hanmer,990-277-9127,mhanmera9@usnews.com,51
Ame Zipsell,874-505-5959,azipsellaa@webmd.com,53
Geordie Assel,394-216-8695,gasselab@seattletimes.com,23
Malissa Jerromes,641-771-5905,mjerromesac@phpbb.com,64
Dona Quartley,439-960-2974,dquartleyad@omniture.com,42
Vaughan Eidelman,654-125-0534,veidelmanae@ucla.edu,76
Jacqui Larmuth,121-865-5296,jlarmuthaf@dropbox.com,29
Jacob Dunbleton,707-692-0980,jdunbletonag@loc.gov,5
Dottie Rubinivitz,751-824-3646,drubinivitzah@rakuten.co.jp,36
Sal Harvison,237-382-8957,sharvisonai@ucoz.ru,8
Bettye Dana,828-494-0407,bdanaaj@comcast.net,5
Felike Castagnone,832-373-3064,fcastagnoneak@rakuten.co.jp,83
Cinda Ciobutaru,864-947-9862,cciobutarual@reverbnation.com,3
Minnaminnie Givens,470-605-8530,mgivensam@alibaba.com,8
Helyn Pavitt,486-362-0782,hpavittan@auda.org.au,93
Spike Monkeman,219-665-6002,smonkemanao@myspace.com,52
Derril MacDougall,416-130-9127,dmacdougallap@pen.io,68
Glenn Kalderon,334-624-0505,gkalderonaq@npr.org,56
Daryl Lys,898-608-0751,dlysar@theguardian.com,98
Timothy Gimblett,298-686-1633,tgimblettas@wikispaces.com,18
Adriaens Ackers,843-934-7424,aackersat@google.com.au,60
Maritsa Lowne,361-608-9195,mlowneau@ihg.com,17
Brietta Kupke,426-877-7378,bkupkeav@upenn.edu,30
Lane Probate,970-613-4166,lprobateaw@pcworld.com,38
Bennie Jerrams,905-495-9745,bjerramsax@tmall.com,63
Jany Gorusso,625-179-9663,jgorussoay@fda.gov,2
Iggy Crafts,568-913-4241,icraftsaz@indiegogo.com,37
Noe Ruddell,125-661-3039,nruddellb0@upenn.edu,32
Margarethe Fulger,762-903-3249,mfulgerb1@altervista.org,99
Joshia Broster,190-566-8424,jbrosterb2@dailymail.co.uk,92
Chelsae Matthewes,765-225-7916,cmatthewesb3@dropbox.com,29
Jillie Rottenbury,347-972-9417,jrottenburyb4@nature.com,55
Gran Maffeo,902-129-7943,gmaffeob5@home.pl,76
Raymond Lambie,417-647-9604,rlambieb6@1688.com,31
Sheba Galero,429-609-9064,sgalerob7@examiner.com,70
Ade Giovani,761-999-0324,agiovanib8@google.ca,30
Marika Braisted,145-757-9754,mbraistedb9@fda.gov,5
Steffie Waliszewski,207-818-3219,swaliszewskiba@fastcompany.com,62
Darn Click,803-851-1581,dclickbb@weebly.com,2
Maggee Verden,825-273-9942,mverdenbc@wsj.com,48
Brok Geikie,206-539-7108,bgeikiebd@house.gov,65
Harli Greenall,766-166-3867,hgreenallbe@desdev.cn,6
Lena Fanner,208-940-8573,lfannerbf@nasa.gov,18
Stephan Hansley,845-985-1824,shansleybg@yelp.com,48
Willey Brian,485-707-4804,wbrianbh@toplist.cz,11
Nicholle Landrean,983-299-8478,nlandreanbi@taobao.com,45
Davin Goady,536-197-3895,dgoadybj@ow.ly,32
Clevie Spellecy,619-850-8563,cspellecybk@accuweather.com,12
Colleen Picot,988-336-4238,cpicotbl@nhs.uk,8
Krystyna Allsworth,636-157-4023,kallsworthbm@github.io,53
Raymond Jeannaud,893-207-5276,rjeannaudbn@dailymotion.com,46
Moshe Bakes,495-266-5758,mbakesbo@prweb.com,23
Hannah Larkcum,304-678-2804,hlarkcumbp@4shared.com,52
Ricca Culbard,891-856-5505,rculbardbq@gov.uk,42
Ashely FitzGibbon,296-503-0937,afitzgibbonbr@house.gov,84
Adore Kener,102-527-9285,akenerbs@yandex.ru,5
Pepita Huscroft,787-657-9780,phuscroftbt@pinterest.com,15
Gusty Lenin,145-876-5140,gleninbu@stumbleupon.com,48
Evelin Olanda,836-417-2250,eolandabv@pagesperso-orange.fr,80
Honor Iacovo,730-228-4918,hiacovobw@usnews.com,44
Norah Empson,408-420-6712,nempsonbx@springer.com,88
Lindsay Wasbrough,169-680-5563,lwasbroughby@youtube.com,72
Kerby Huc,291-800-7873,khucbz@nifty.com,89
Stella Crowe,937-908-7176,scrowec0@blogtalkradio.com,38
Dell Follen,159-726-4711,dfollenc1@com.com,5
Silvana Tuckey,745-644-9660,stuckeyc2@myspace.com,90
Vidovic Ferebee,352-686-2171,vferebeec3@ucoz.com,30
Caro Sheards,226-252-5232,csheardsc4@biblegateway.com,91
Yevette Gowland,786-240-9505,ygowlandc5@globo.com,55
Joellyn Kunat,669-809-0001,jkunatc6@java.com,7
Lindy McGiffie,825-127-8318,lmcgiffiec7@topsy.com,36
Joel Ternault,348-328-0720,jternaultc8@technorati.com,55
Gladys Pudge,197-838-6735,gpudgec9@globo.com,92
Ana Pash,909-931-3474,apashca@cnn.com,70
Storm Edmands,360-706-9045,sedmandscb@unicef.org,29
Buffy Pierrepont,283-132-8692,bpierrepontcc@cnn.com,11
Maria Mawditt,450-767-6682,mmawdittcd@opensource.org,39
Mervin Jubert,185-456-7853,mjubertce@blinklist.com,62
Riva Going,282-351-3657,rgoingcf@wikispaces.com,62
Gizela Chatainier,254-561-1482,gchatainiercg@sina.com.cn,35
Janeen Coxon,179-997-2555,jcoxonch@issuu.com,72
Ellyn Madden,676-343-3855,emaddenci@ftc.gov,68
Rivi Futty,839-303-1588,rfuttycj@ning.com,34
Jammie MacPhaden,426-443-3575,jmacphadenck@amazon.de,76
Oliy Le Brom,866-832-4301,olecl@barnesandnoble.com,51
Kathrine Ruskin,936-515-0978,kruskincm@macromedia.com,54
Gates Kiehl,799-659-0753,gkiehlcn@webmd.com,96
Aila Baylie,994-521-4218,abaylieco@vinaora.com,32
Nerti Bernt,692-955-2035,nberntcp@devhub.com,61
Lilias Woodyatt,584-634-3931,lwoodyattcq@ustream.tv,67
Lanette Andresen,962-811-7150,landresencr@tmall.com,77
Justine Eagleton,492-631-4456,jeagletoncs@istockphoto.com,91
Raye Latehouse,742-418-1280,rlatehousect@clickbank.net,74
Cort Petraitis,833-923-5615,cpetraitiscu@nyu.edu,35
Berny Chippindale,803-221-7039,bchippindalecv@dailymotion.com,43
Sargent Romayn,753-619-5269,sromayncw@harvard.edu,45
Claudette Yurivtsev,276-459-3766,cyurivtsevcx@yahoo.com,82
Shanon Matthaus,528-404-7070,smatthauscy@gnu.org,39
Cos Barsham,966-413-9618,cbarshamcz@deliciousdays.com,45
Rab Egel,852-746-7842,regeld0@tumblr.com,57
Bill Crackel,308-325-5839,bcrackeld1@360.cn,23
Silvie Prestige,540-202-7236,sprestiged2@flickr.com,42
Arlie Million,679-642-7102,amilliond3@mediafire.com,1
Loralie Gever,174-750-6493,lgeverd4@skyrock.com,20
Jilli Tribell,880-987-9659,jtribelld5@paginegialle.it,13
Alfy Rosbrough,937-144-6205,arosbroughd6@1und1.de,35
Kevan Reuben,745-827-5075,kreubend7@feedburner.com,67
Dolli Lowres,261-926-1060,dlowresd8@phpbb.com,51
Odo Adamiak,548-608-8955,oadamiakd9@about.com,48
Krisha Laurenzi,764-841-1915,klaurenzida@ucoz.ru,55
Noni Perot,882-199-0375,nperotdb@mail.ru,35
Koenraad Driscoll,316-444-3797,kdriscolldc@npr.org,14
Helga Greenroad,807-711-8108,hgreenroaddd@wp.com,76
Bathsheba McGrayle,942-619-6003,bmcgraylede@jiathis.com,70
Libbie Alu,429-767-5536,laludf@arstechnica.com,87
Virgina Bernon,343-485-4016,vbernondg@feedburner.com,90
Ashly Gellately,294-639-7335,agellatelydh@fema.gov,29
Daniele Banfill,556-552-2195,dbanfilldi@ibm.com,40
Pembroke Newart,658-653-8480,pnewartdj@over-blog.com,79
Melania Tomkiss,123-466-4295,mtomkissdk@rakuten.co.jp,98
Cletus Semens,699-993-8622,csemensdl@ustream.tv,98
Tuck Keuntje,526-791-2309,tkeuntjedm@chron.com,32
Lynea Gartsyde,184-113-6545,lgartsydedn@kickstarter.com,73
Bernadette Tripett,872-213-1483,btripettdo@bizjournals.com,47
Tedmund Allder,760-391-3467,tallderdp@123-reg.co.uk,27
Killian Caldaro,194-278-0537,kcaldarodq@cmu.edu,27
Susanna Yakuntzov,250-639-0823,syakuntzovdr@studiopress.com,89
Jannel Withey,802-334-6067,jwitheyds@prlog.org,1
Cassie Fransseni,772-725-5256,cfranssenidt@topsy.com,96
Sharron Gertray,650-929-4749,sgertraydu@feedburner.com,40
Moshe Sotheron,474-520-2497,msotherondv@blinklist.com,87
Billi Kilfedder,188-593-8291,bkilfedderdw@alibaba.com,60
Georgy Dibbert,434-915-5416,gdibbertdx@zdnet.com,39
Rickert MacKowle,740-483-1132,rmackowledy@so-net.ne.jp,84
Oneida Jakaway,171-400-1450,ojakawaydz@blog.com,84
Orsola Eykelbosch,885-598-2383,oeykelbosche0@washingtonpost.com,80
Hettie Tolumello,458-411-5745,htolumelloe1@plala.or.jp,47
Kristy Owbrick,292-496-4223,kowbricke2@ezinearticles.com,26
Shepherd Tudbald,763-423-1522,studbalde3@bravesites.com,26
Rustin Alderson,678-288-9496,raldersone4@cbslocal.com,76
Albie Pawle,983-716-5344,apawlee5@prnewswire.com,6
Marten Gerardin,326-735-3332,mgerardine6@over-blog.com,27
Franciska Cantwell,750-712-8992,fcantwelle7@gizmodo.com,96
Kinny Motte,319-432-7704,kmottee8@people.com.cn,64
Barn Kubica,130-745-8078,bkubicae9@msu.edu,86
Morgan Beebee,945-907-6153,mbeebeeea@cdc.gov,96
Turner Wooffinden,949-411-2185,twooffindeneb@timesonline.co.uk,90
Chrysler Wealleans,590-832-6648,cwealleansec@about.com,83
Joannes Francescone,282-404-1275,jfrancesconeed@wordpress.org,60
Aimee Kimblen,648-851-4468,akimblenee@samsung.com,48
Viviana McCutcheon,581-389-9148,vmccutcheonef@behance.net,97
Edlin Quan,485-112-7118,equaneg@ucsd.edu,62
Sibyl Benedtti,769-775-4723,sbenedttieh@telegraph.co.uk,58
Larina Bisp,717-531-6076,lbispei@studiopress.com,26
Gradey Elan,767-639-3098,gelanej@imdb.com,95
Trix Ebbing,343-870-5623,tebbingek@uiuc.edu,69
Kendra Goane,297-338-5543,kgoaneel@shop-pro.jp,16
Maddie Spoure,116-894-1839,mspoureem@reuters.com,100
Sayre Bettis,699-246-0050,sbettisen@army.mil,62
Gilemette Bonnyson,350-839-7368,gbonnysoneo@sourceforge.net,77
Darrin Grishankov,247-501-1914,dgrishankovep@tripod.com,65
Ettore Littlechild,561-248-7803,elittlechildeq@blogspot.com,76
Pedro Argente,610-785-7003,pargenteer@ed.gov,54
Cornie Faley,230-562-4347,cfaleyes@flickr.com,59
Auroora Gianiello,559-492-5036,agianielloet@usnews.com,54
Curr McAllaster,287-728-8435,cmcallastereu@dagondesign.com,96
Junia Farrington,182-521-6327,jfarringtonev@pagesperso-orange.fr,47
Francois Daniello,353-332-5260,fdanielloew@europa.eu,91
Cherice Covey,662-539-9173,ccoveyex@zdnet.com,67
Whitman O'Flaherty,816-845-7904,woflahertyey@cbslocal.com,95
Francois Faucherand,126-644-8162,ffaucherandez@zdnet.com,28
Melba Gresswell,228-771-5040,mgresswellf0@pinterest.com,37
Ashien Hundell,552-160-4944,ahundellf1@imdb.com,37
Elias St. Ledger,453-569-4606,estf2@google.com.au,69
Vern Avard,879-928-0070,vavardf3@xing.com,28
Harlie Hector,453-544-0096,hhectorf4@tinyurl.com,79
Lorettalorna Sinkings,967-814-8271,lsinkingsf5@ted.com,68
Ilysa Sidary,428-359-9727,isidaryf6@phpbb.com,3
Kira Westover,517-584-1673,kwestoverf7@so-net.ne.jp,87
Farrell Drust,118-103-6847,fdrustf8@sun.com,29
Burton Devenish,901-492-7574,bdevenishf9@salon.com,79
Gerard Castanho,177-759-8714,gcastanhofa@163.com,27
Demetre Saffran,260-401-3108,dsaffranfb@theglobeandmail.com,7
Moore Relfe,411-315-9783,mrelfefc@dagondesign.com,46
Tedd Macquire,469-502-5738,tmacquirefd@skype.com,39
Linn Jerger,755-485-0370,ljergerfe@networksolutions.com,92
Pattie Backson,808-477-1827,pbacksonff@homestead.com,64
Renie Itschakov,293-369-2011,ritschakovfg@vistaprint.com,55
Colly Eouzan,674-573-8259,ceouzanfh@xinhuanet.com,8
Rianon Frankum,896-999-4438,rfrankumfi@about.me,12
Lanni Kleynermans,134-423-3399,lkleynermansfj@princeton.edu,66
Lucius Libermore,755-994-5571,llibermorefk@youku.com,24
Eudora Baxendale,122-711-9502,ebaxendalefl@walmart.com,74
Morty Cridge,844-314-7634,mcridgefm@huffingtonpost.com,7
Coreen Valdes,460-194-7378,cvaldesfn@nsw.gov.au,37
Ange Sarjant,324-233-4662,asarjantfo@mlb.com,68
Brandyn Antosik,829-416-3122,bantosikfp@europa.eu,16
Jayme Dewhurst,660-103-6654,jdewhurstfq@cnbc.com,50
Shae Jewess,298-613-1010,sjewessfr@zimbio.com,31
Kendre Le Grove,154-298-8456,klefs@tinypic.com,99
Ford Wressell,386-227-0410,fwressellft@amazon.de,44
Quintana Pock,309-170-6748,qpockfu@google.com,14
Sarajane Baruch,335-652-3568,sbaruchfv@godaddy.com,84
Merwin Wheelband,735-431-0762,mwheelbandfw@mayoclinic.com,93
Ruthi Thaller,428-591-2366,rthallerfx@hexun.com,43
Rosy Valentine,871-675-9207,rvalentinefy@symantec.com,92
Leshia Iveans,773-466-9217,liveansfz@1und1.de,13
Cammie Aspole,268-119-9451,caspoleg0@time.com,65
Reid Delcastel,669-729-0135,rdelcastelg1@icq.com,34
Chaunce Knapp,532-124-7977,cknappg2@artisteer.com,10
Bethena Harty,942-106-1561,bhartyg3@phoca.cz,98
Lorianne Barabisch,579-955-7458,lbarabischg4@is.gd,20
Trstram Jedryka,718-209-6188,tjedrykag5@sciencedirect.com,29
Loutitia Leblanc,752-537-7997,lleblancg6@mysql.com,65
Murielle Crimpe,652-795-9879,mcrimpeg7@myspace.com,69
Asia Farlamb,720-413-7722,afarlambg8@shutterfly.com,39
Dorthy Iacobetto,641-424-1025,diacobettog9@wufoo.com,53
Gussy Pettinger,795-562-5094,gpettingerga@ted.com,68
Ambros Nowland,715-611-0037,anowlandgb@e-recht24.de,79
Constanta Helsdon,295-613-7814,chelsdongc@i2i.jp,15
Blythe Olyet,930-151-5089,bolyetgd@dion.ne.jp,28
Diannne Rillatt,780-163-1216,drillattge@gravatar.com,50
Zitella Copestick,402-271-8724,zcopestickgf@wordpress.com,56
Kelby Tunnicliffe,906-832-9175,ktunnicliffegg@soup.io,31
Rivi Hilbourne,685-575-9930,rhilbournegh@paypal.com,44
Marys Gleeson,662-190-6787,mgleesongi@vinaora.com,5
Raye Gantz,734-518-6540,rgantzgj@globo.com,15
Margaux Shoveller,436-548-0676,mshovellergk@nytimes.com,81
Umeko Loughman,668-619-1389,uloughmangl@weather.com,55
Urbano Bonsale,805-549-3881,ubonsalegm@joomla.org,70
Seka Buckberry,464-748-1919,sbuckberrygn@pen.io,41
Orelia Darnborough,225-662-3010,odarnboroughgo@macromedia.com,32
Rudolf Empleton,428-621-4565,rempletongp@booking.com,8
Ali MacLeese,692-214-2703,amacleesegq@guardian.co.uk,4
Rouvin Naptine,484-290-2180,rnaptinegr@soup.io,10
Bengt Jeary,137-124-3096,bjearygs@t-online.de,66
Buddie Ulyet,602-425-8684,bulyetgt@umich.edu,36
Nannie Costerd,187-447-0161,ncosterdgu@intel.com,21
Maible Skechley,786-331-7249,mskechleygv@arizona.edu,33
Averyl Mose,286-921-6000,amosegw@redcross.org,51
Kimbell Thring,973-749-0135,kthringgx@ow.ly,1
Sharia Lebreton,865-281-3853,slebretongy@aol.com,55
Gladi Ilem,257-995-9334,gilemgz@cpanel.net,63
Bryon Bauser,596-688-3763,bbauserh0@printfriendly.com,16
Hortense Ivatt,996-642-7293,hivatth1@is.gd,41
Jarad Banbridge,461-532-1668,jbanbridgeh2@cnn.com,93
Lucinda Finkle,885-268-0766,lfinkleh3@japanpost.jp,89
Cobby Rahill,575-659-3329,crahillh4@flickr.com,2
Claudina Kurten,648-980-2860,ckurtenh5@pinterest.com,9
Melosa Raccio,995-175-2740,mraccioh6@facebook.com,51
Dorette Cowell,278-169-2336,dcowellh7@cpanel.net,61
Biddie Leethem,128-214-4992,bleethemh8@google.es,61
Minnie Troman,646-581-8384,mtromanh9@myspace.com,35
Elwyn Asif,149-603-6657,easifha@kickstarter.com,73
Roanne Bassingham,999-367-1416,rbassinghamhb@state.gov,88
Amandy Renak,619-592-2887,arenakhc@goo.ne.jp,2
Aridatha Schober,298-992-6545,aschoberhd@topsy.com,51
Amaleta Duns,819-508-1724,adunshe@quantcast.com,9
Waiter Stedall,858-416-1616,wstedallhf@nbcnews.com,90
Madelin Pfeiffer,315-719-0480,mpfeifferhg@rakuten.co.jp,16
Babbie Whyte,283-786-6568,bwhytehh@symantec.com,55
Delaney Inkpen,146-290-2800,dinkpenhi@pbs.org,21
Rosemary Merlin,189-644-6306,rmerlinhj@sun.com,33
Miltie Pritchitt,913-236-5155,mpritchitthk@buzzfeed.com,41
Jobi Thornton-Dewhirst,668-612-6140,jthorntondewhirsthl@yellowbook.com,42
Clark Gentsch,706-617-5025,cgentschhm@nytimes.com,34
Lief Massimo,140-681-0005,lmassimohn@google.com,15
Hephzibah Urvoy,182-731-6522,hurvoyho@reddit.com,36
Geno Filyakov,656-539-2586,gfilyakovhp@gnu.org,32
Lonny Kitchen,641-735-6925,lkitchenhq@edublogs.org,47
Gaylord Jellett,690-319-8449,gjelletthr@businessinsider.com,84
Curran Server,554-849-5638,cserverhs@typepad.com,25
Lindsay Kippins,994-259-2819,lkippinsht@cpanel.net,29
Baudoin Takle,594-168-2608,btaklehu@tinyurl.com,8
Garth Ardron,704-831-1656,gardronhv@cmu.edu,5
Mariette Bonnar,768-175-4498,mbonnarhw@over-blog.com,69
Laurie Benton,658-271-2488,lbentonhx@themeforest.net,64
Rosalyn Russam,633-702-4865,rrussamhy@w3.org,68
Romy Dri,938-149-4601,rdrihz@sina.com.cn,89
Celisse Orsi,962-405-8866,corsii0@statcounter.com,99
Milty Gregoletti,181-301-6752,mgregolettii1@shinystat.com,79
Rice Maunton,168-832-2369,rmauntoni2@arstechnica.com,73
Alexis Bravery,786-304-8896,abraveryi3@delicious.com,51
Sherilyn Newlove,857-185-6595,snewlovei4@sun.com,38
Warren Hallatt,194-463-8279,whallatti5@parallels.com,40
Emelen Lazare,531-359-0359,elazarei6@amazon.com,37
Barret Brownett,213-144-4369,bbrownetti7@newyorker.com,82
Anatole McLice,677-614-2550,amclicei8@flickr.com,60
Roxanna Seer,730-774-7637,rseeri9@squidoo.com,83
Libbey Creser,545-547-8474,lcreseria@cnn.com,17
Bonnibelle Flude,517-805-1750,bfludeib@shinystat.com,78
Addia MacCaffery,833-756-0979,amaccafferyic@instagram.com,3
Sawyer Nockells,744-396-2611,snockellsid@utexas.edu,32
Willem Loalday,554-340-8119,wloaldayie@yale.edu,38
Antonia Trayling,712-518-3834,atraylingif@foxnews.com,38
Johannah Fletcher,226-689-0773,jfletcherig@smugmug.com,48
Christophorus Iuorio,588-445-2959,ciuorioih@myspace.com,24
Jillie Dubois,846-249-3145,jduboisii@dyndns.org,99
Camila Holcroft,550-646-5422,cholcroftij@hhs.gov,23
Hettie Turrill,411-211-0826,hturrillik@wikipedia.org,83
Guglielmo Ambrogetti,613-639-6582,gambrogettiil@gov.uk,59
Tadeas McClory,383-223-0680,tmccloryim@upenn.edu,55
Marjorie Grabb,536-674-2630,mgrabbin@theglobeandmail.com,55
Adelice Blackwell,397-234-6858,ablackwellio@free.fr,92
Gloriane Ross,926-784-9244,grossip@ucoz.com,16
Coralie Crampsey,973-628-3648,ccrampseyiq@nhs.uk,5
Tony Craigmile,267-131-9103,tcraigmileir@chronoengine.com,87
Horatia Cowey,714-184-1942,hcoweyis@gizmodo.com,17
Nyssa Patsall,711-931-3730,npatsallit@xinhuanet.com,20
Conroy Wythill,282-189-3918,cwythilliu@ucoz.com,100
Claire Redborn,879-891-9073,credborniv@sitemeter.com,100
Ezri Jindracek,106-515-2406,ejindracekiw@cnet.com,25
Kalinda Seggie,418-653-3213,kseggieix@canalblog.com,46
Gwenni Czajkowski,392-702-7814,gczajkowskiiy@liveinternet.ru,74
Ophelia Ridgley,288-212-4117,oridgleyiz@chicagotribune.com,36
Jelene Durand,853-268-9999,jdurandj0@yandex.ru,63
Eba Barribal,606-820-8562,ebarribalj1@jalbum.net,16
Innis Stephens,765-497-1241,istephensj2@amazon.de,3
Cleopatra Gorst,707-904-5043,cgorstj3@irs.gov,55
Trish Crim,957-888-6517,tcrimj4@altervista.org,19
Madison Rubee,460-265-1746,mrubeej5@wikipedia.org,24
Fifi Cutteridge,869-705-7981,fcutteridgej6@msn.com,69
Sonnie Sowden,504-574-6178,ssowdenj7@bing.com,14
Natka Avrahamian,358-843-3309,navrahamianj8@scientificamerican.com,45
Heida Bernocchi,222-969-5220,hbernocchij9@google.fr,83
Yance Polly,577-321-2912,ypollyja@cafepress.com,94
Mercedes Scatchard,382-330-1031,mscatchardjb@wordpress.org,66
Innis Bendtsen,138-429-5227,ibendtsenjc@army.mil,31
Howie Barti,426-683-8207,hbartijd@usnews.com,14
Dyna Tackett,652-318-1137,dtackettje@ucoz.com,100
Kellsie Jeannon,990-868-1350,kjeannonjf@wired.com,44
Natka Kerslake,206-868-7925,nkerslakejg@boston.com,52
Darby Esby,194-453-2292,desbyjh@soundcloud.com,5
Jillayne Minchenton,389-248-2984,jminchentonji@vinaora.com,21
Norry Lagen,751-534-2675,nlagenjj@slideshare.net,5
Kerry Sponton,903-611-6477,kspontonjk@phpbb.com,7
Miguelita Vallack,972-529-6796,mvallackjl@globo.com,11
Kaspar Boys,261-945-5301,kboysjm@bbc.co.uk,99
Aluino Chetwin,585-706-1605,achetwinjn@scribd.com,59
Nolana Sottell,354-502-5589,nsottelljo@photobucket.com,87
Jorrie Chaize,304-272-4090,jchaizejp@washington.edu,34
Coop Alessandrelli,742-711-5700,calessandrellijq@narod.ru,48
Perkin Benardeau,467-132-3106,pbenardeaujr@shinystat.com,98
Nesta Coolbear,233-690-9626,ncoolbearjs@paypal.com,86
Rudd Wycliffe,202-370-8628,rwycliffejt@arizona.edu,9
Shalom Guyan,718-508-6767,sguyanju@cisco.com,51
Howard Buckbee,285-413-2202,hbuckbeejv@google.pl,48
Torry Kardos-Stowe,422-178-9607,tkardosstowejw@fda.gov,44
Marlane Mixter,125-762-1764,mmixterjx@sciencedaily.com,100
Garrik Deddum,712-554-5987,gdeddumjy@un.org,82
Bobbi Stennet,754-330-8812,bstennetjz@ft.com,14
Desiree Jiras,653-494-7108,djirask0@amazon.com,51
Granthem Wittman,235-938-2159,gwittmank1@ehow.com,38
Basia Oakes,670-662-1149,boakesk2@narod.ru,53
Violante Dowber,419-685-6726,vdowberk3@soup.io,71
Pansy O'Dulchonta,362-323-0920,podulchontak4@answers.com,25
Ursa Castellan,647-258-4085,ucastellank5@rediff.com,23
Erv Souza,911-380-3764,esouzak6@wisc.edu,58
Miguel Barrass,385-946-0907,mbarrassk7@tinyurl.com,19
Forrest Villaret,689-170-0954,fvillaretk8@woothemes.com,14
Bourke Sparrowe,518-958-7221,bsparrowek9@sina.com.cn,37
Danni Vasentsov,707-223-4102,dvasentsovka@ucsd.edu,46
Ania Kenion,940-800-8616,akenionkb@dagondesign.com,67
Drusie Etienne,272-680-4872,detiennekc@weather.com,1
Angelique Lorand,903-707-7106,alorandkd@bravesites.com,95
Erinn Crichmer,505-638-6603,ecrichmerke@businessweek.com,76
Thayne O'Doherty,717-243-0136,todohertykf@fda.gov,71
Pat Jane,541-339-8679,pjanekg@wikipedia.org,80
Dredi MacElholm,826-732-6545,dmacelholmkh@addtoany.com,69
Sibbie Dragon,427-185-2289,sdragonki@huffingtonpost.com,93
Duffie Jahnig,702-412-9125,djahnigkj@g.co,48
Gerardo Webburn,411-687-3483,gwebburnkk@ftc.gov,2
Kaylil Creegan,199-337-8824,kcreegankl@mapy.cz,29
Iago Wileman,387-405-3614,iwilemankm@yandex.ru,62
Renaud Dugue,740-838-1693,rduguekn@chronoengine.com,2
Devy Ormonde,562-158-4536,dormondeko@barnesandnoble.com,79
Orlan de Werk,999-938-1037,odekp@twitpic.com,28
Almeta Kubala,904-950-2617,akubalakq@themeforest.net,16
Virginie Dowe,557-805-5332,vdowekr@angelfire.com,16
Kamillah Reast,939-798-6232,kreastks@adobe.com,66
Jae Storrie,685-706-9609,jstorriekt@smh.com.au,44
Galen Melmeth,220-114-0443,gmelmethku@reddit.com,35
Nikolai Vaulkhard,407-907-5898,nvaulkhardkv@reference.com,87
Louisette Seiffert,713-581-9259,lseiffertkw@prweb.com,47
Ado Meriet,117-484-6082,amerietkx@gnu.org,17
Ferd Nelissen,652-385-1805,fnelissenky@umich.edu,94
Guthrie McCoy,155-256-5200,gmccoykz@cornell.edu,37
Rogers Oxe,561-818-2891,roxel0@hud.gov,11
Kimmy Pardie,806-657-0548,kpardiel1@nationalgeographic.com,52
Windy Hazelden,164-823-7848,whazeldenl2@admin.ch,93
Curry Station,868-984-5681,cstationl3@telegraph.co.uk,47
Staffard Cronshaw,166-977-7479,scronshawl4@usa.gov,49
Vassili Hampson,190-500-9992,vhampsonl5@reverbnation.com,28
Leena Imorts,497-788-1467,limortsl6@livejournal.com,92
Berton Bordone,153-155-6313,bbordonel7@wikimedia.org,55
Sallee Boland,790-502-4852,sbolandl8@ezinearticles.com,11
Avis Skyrm,127-245-8316,askyrml9@newyorker.com,26
Lalo Cleugh,209-952-3328,lcleughla@wp.com,74
Eberto Simla,573-347-1286,esimlalb@mysql.com,28
Jordain Thiese,549-527-4921,jthieselc@disqus.com,98
Denise Jozef,886-951-7398,djozefld@360.cn,11
Malvin McGirl,510-214-6995,mmcgirlle@whitehouse.gov,93
Danya Prendergast,487-157-1694,dprendergastlf@google.co.uk,71
Darleen Doe,867-199-8627,ddoelg@cbsnews.com,9
Rice Leggott,520-799-2791,rleggottlh@infoseek.co.jp,11
Melissa Percifull,287-468-0779,mpercifullli@networkadvertising.org,69
Brewer Huckett,630-451-1497,bhuckettlj@ucoz.com,50
Joelly Artingstall,241-838-4155,jartingstalllk@miitbeian.gov.cn,17
Susy Anslow,527-163-1552,sanslowll@comsenz.com,70
Alleen Chidwick,882-796-4851,achidwicklm@utexas.edu,69
Joannes Jensen,717-326-1799,jjensenln@stanford.edu,13
Jody Fenton,161-505-8337,jfentonlo@facebook.com,66
Alejandrina Hurton,315-116-4721,ahurtonlp@xing.com,99
Kris Heddon,836-440-9422,kheddonlq@nytimes.com,98
Ethelda Coye,522-263-4151,ecoyelr@alexa.com,65
Dane Kilgannon,384-675-9788,dkilgannonls@parallels.com,2
Wallie Van De Cappelle,256-869-7811,wvanlt@army.mil,29
Renaldo Brim,468-861-7167,rbrimlu@youtu.be,17
Edie Fanshaw,217-763-4581,efanshawlv@smugmug.com,33
Deina Ginger,486-358-2742,dgingerlw@un.org,20
Bennie Rides,432-167-5229,brideslx@wordpress.com,61
Upton Almey,842-613-7179,ualmeyly@i2i.jp,44
Neron Trusse,739-638-7914,ntrusselz@tiny.cc,35
Emily Pettendrich,536-452-0743,epettendrichm0@cdc.gov,83
Ellyn Launchbury,258-524-6026,elaunchburym1@free.fr,37
My Blincowe,539-289-7643,mblincowem2@webeden.co.uk,96
Doe Walklot,540-682-0984,dwalklotm3@elpais.com,58
Sisile Yesson,607-635-0496,syessonm4@example.com,65
Osborn Rampton,332-964-2778,oramptonm5@businessweek.com,29
Iris Ottam,661-352-7837,iottamm6@earthlink.net,99
Nadine Seide,957-584-6936,nseidem7@vistaprint.com,92
Sonni Frotton,323-262-9155,sfrottonm8@google.com.br,14
Rikki Medford,566-477-6580,rmedfordm9@over-blog.com,64
Hurlee Trythall,760-357-1018,htrythallma@live.com,95
Samuele Baynham,202-451-7993,sbaynhammb@wordpress.org,19
Edwina Hassall,600-120-8978,ehassallmc@github.io,26
Roxi Stokes,886-195-3397,rstokesmd@webnode.com,69
Eleanor Brackpool,227-726-4299,ebrackpoolme@lycos.com,26
Carley O'Shea,398-803-3144,cosheamf@bloglovin.com,84
Philipa Inkle,767-699-8513,pinklemg@senate.gov,20
Elisha Butner,541-500-2902,ebutnermh@google.co.jp,89
Logan Adamsen,131-376-3001,ladamsenmi@clickbank.net,39
Raeann Schaffler,532-557-6405,rschafflermj@ameblo.jp,44
Morly Wannell,659-395-9577,mwannellmk@cloudflare.com,30
Svend Ditchfield,594-571-0646,sditchfieldml@thetimes.co.uk,69
Carrissa Reuble,598-463-0269,creublemm@google.ca,20
Emmye Cowerd,628-432-8560,ecowerdmn@example.com,16
Whittaker Ferry,118-656-2079,wferrymo@163.com,48
Irwin Rodolf,941-514-7541,irodolfmp@mlb.com,28
Derrek Dewan,691-917-6570,ddewanmq@state.tx.us,27
Ilse Desbrow,445-841-8852,idesbrowmr@narod.ru,64
Kalli Dressell,392-821-1138,kdressellms@discovery.com,87
Bale Scoffham,429-254-3266,bscoffhammt@moonfruit.com,40
Elly Bales,875-743-2575,ebalesmu@nationalgeographic.com,16
Aharon Dowbekin,665-854-5681,adowbekinmv@whitehouse.gov,13
Aksel Brisco,912-866-4968,abriscomw@telegraph.co.uk,76
Marrissa Rubinowitsch,253-855-4047,mrubinowitschmx@imageshack.us,1
Marcie Oakenfull,788-961-8984,moakenfullmy@wikispaces.com,78
Eugine Willmore,167-614-8712,ewillmoremz@answers.com,13
Layla Stucke,339-834-9612,lstucken0@sitemeter.com,78
Emogene Lantuffe,255-654-9094,elantuffen1@dion.ne.jp,39
Olwen Rochell,335-386-3096,orochelln2@amazon.de,65
Kenn Happert,335-581-4539,khappertn3@mozilla.com,53
Willie Ezzy,712-911-7537,wezzyn4@si.edu,47
Dyan Kauschke,979-891-3633,dkauschken5@whitehouse.gov,74
Felizio Zorzoni,127-475-5370,fzorzonin6@economist.com,64
Ariel Boord,984-335-3711,aboordn7@mozilla.org,50
Corie Huxtable,784-287-8886,chuxtablen8@networkadvertising.org,8
Lorrin Malec,300-567-4793,lmalecn9@twitter.com,3
Domini Minchinton,133-403-9853,dminchintonna@archive.org,92
Costanza Mathewes,695-559-8565,cmathewesnb@amazon.co.jp,53
Haywood Hellwich,208-477-0327,hhellwichnc@nymag.com,12
Jaquith Vassay,328-750-5228,jvassaynd@imdb.com,7
Reggy Masseo,106-784-8746,rmasseone@tripod.com,27
Dyann Attride,323-367-1119,dattridenf@newyorker.com,15
Jose Callen,190-508-2894,jcallenng@state.tx.us,55
Christian Skydall,229-944-2682,cskydallnh@xing.com,57
Tremayne Cottham,609-317-6135,tcotthamni@latimes.com,23
Bernadene Rosario,419-724-6093,brosarionj@hugedomains.com,54
Carlita Ryott,373-951-1897,cryottnk@cam.ac.uk,47
Barris Manach,329-162-3503,bmanachnl@bloglovin.com,97
Gallagher Ambrosoni,159-697-4571,gambrosoninm@eepurl.com,64
Noe Dight,183-594-8254,ndightnn@constantcontact.com,59
Mora Creavin,577-653-8207,mcreavinno@instagram.com,76
Morgen Cavey,515-660-0841,mcaveynp@telegraph.co.uk,41
Dicky Adamoli,622-696-1989,dadamolinq@furl.net,17
Tammi Daviot,583-727-0356,tdaviotnr@xrea.com,15
Roy Ivasechko,684-488-0763,rivasechkons@squidoo.com,35
Nani Pallatina,710-243-9825,npallatinant@ted.com,25
Cthrine Musto,508-904-7213,cmustonu@bloomberg.com,87
Vachel Jellico,262-604-7437,vjelliconv@cpanel.net,86
Eve Bowlesworth,910-397-6066,ebowlesworthnw@com.com,23
Nester Dyet,295-667-8953,ndyetnx@livejournal.com,50
Oswell Bricknell,399-598-5238,obricknellny@home.pl,58
Kala Tattersall,614-617-9074,ktattersallnz@examiner.com,56
Barry Mathieson,458-496-3519,bmathiesono0@guardian.co.uk,31
Sylvester Storr,603-695-6639,sstorro1@typepad.com,90
Fitz Godney,240-216-2104,fgodneyo2@pcworld.com,17
Alane Giorgetti,238-815-9567,agiorgettio3@deliciousdays.com,40
Rianon Viel,165-529-7883,rvielo4@wufoo.com,62
Fraser Braley,278-257-6389,fbraleyo5@va.gov,53
Kevin De Maria,500-825-2155,kdeo6@cornell.edu,93
Mavra Borthe,328-326-4081,mbortheo7@bandcamp.com,7
Juan Weeds,479-161-2971,jweedso8@cargocollective.com,12
Daniel Delucia,224-166-1857,ddeluciao9@google.es,68
Sherilyn Luchelli,529-238-8184,sluchellioa@usgs.gov,75
Cleveland Gratrix,655-744-3804,cgratrixob@dropbox.com,20
Leilah Mullaly,266-753-2737,lmullalyoc@ca.gov,27
Rea Ellaway,632-964-6521,rellawayod@discuz.net,28
Roz Brecknock,182-201-2947,rbrecknockoe@ovh.net,93
Gannie Monard,859-959-6406,gmonardof@quantcast.com,87
Fleur Berthelmot,827-239-9693,fberthelmotog@dailymotion.com,51
Blondelle Hinsche,510-991-8257,bhinscheoh@google.com,15
Sybila Shortall,806-576-3912,sshortalloi@oaic.gov.au,91
Olympia Tumility,220-330-2080,otumilityoj@bloglovin.com,7
Marlyn Larciere,228-420-3535,mlarciereok@timesonline.co.uk,33
Eleanor De Lascy,141-416-0835,edeol@com.com,92
Lenka Philippart,878-767-0953,lphilippartom@friendfeed.com,7
Elsey Sanderson,781-466-2196,esandersonon@mozilla.org,88
Eduino Matherson,575-897-9000,emathersonoo@fc2.com,25
Dita Farens,637-526-5915,dfarensop@about.com,70
Philippe Jeandon,588-845-0846,pjeandonoq@umich.edu,78
Johnny Kellen,142-940-8728,jkellenor@statcounter.com,88
Willy Risdall,693-828-7310,wrisdallos@gov.uk,77
Jacquie Backsal,985-986-6631,jbacksalot@rakuten.co.jp,59
Livvyy Mockler,961-559-5606,lmocklerou@cbc.ca,52
Bendix Tubritt,533-577-7226,btubrittov@odnoklassniki.ru,17
Eduino Ferneley,502-226-9956,eferneleyow@comcast.net,88
Darcy Defond,319-691-2890,ddefondox@omniture.com,58
Beale Grieve,611-214-0681,bgrieveoy@github.com,1
Krystle Mathon,920-145-3911,kmathonoz@godaddy.com,94
Krysta Doel,284-142-8627,kdoelp0@dropbox.com,5
Donetta Hayesman,675-620-1714,dhayesmanp1@tamu.edu,72
Vlad Dorsey,865-768-1303,vdorseyp2@howstuffworks.com,37
Brandice Dilke,219-352-7304,bdilkep3@huffingtonpost.com,69
Lisle Attard,727-274-4823,lattardp4@google.com.hk,93
Francesca Bowen,429-145-6755,fbowenp5@feedburner.com,2
Rochella Hastilow,241-187-3412,rhastilowp6@chicagotribune.com,72
Mellisent Willcocks,474-407-8641,mwillcocksp7@over-blog.com,26
Terence Romeuf,198-304-0485,tromeufp8@soup.io,51
Kailey Grob,962-995-1279,kgrobp9@bloglines.com,16
Allin Bon,828-457-8941,abonpa@tmall.com,18
Clarey Siemandl,910-703-7320,csiemandlpb@blogs.com,9
Maxim Bunson,258-827-8929,mbunsonpc@google.ru,14
Carroll Nickoles,987-150-2382,cnickolespd@paginegialle.it,30
Luther Wintle,399-458-4213,lwintlepe@wunderground.com,16
Ellen Nisbith,406-122-0536,enisbithpf@marketwatch.com,18
Martie Rouff,399-261-3120,mrouffpg@w3.org,32
Glyn Brightwell,275-993-6175,gbrightwellph@microsoft.com,56
Nissie Fisby,622-545-0252,nfisbypi@topsy.com,28
Fred Gyrgorwicx,612-914-9577,fgyrgorwicxpj@homestead.com,39
Evangelia Woolger,347-902-1986,ewoolgerpk@webs.com,62
Terese Abrahamoff,117-593-3648,tabrahamoffpl@dmoz.org,69
Bord Chillingworth,383-948-5180,bchillingworthpm@barnesandnoble.com,24
Arielle Orteu,395-835-7048,aorteupn@shop-pro.jp,10
Adrien Oleszkiewicz,931-844-5985,aoleszkiewiczpo@chicagotribune.com,89
Danila Sellack,554-944-9150,dsellackpp@sphinn.com,47
Francis MacDearmont,329-976-8194,fmacdearmontpq@accuweather.com,27
Bernie Gaskell,513-178-3273,bgaskellpr@furl.net,8
Alfie MacAscaidh,220-234-9748,amacascaidhps@webs.com,65
Shayne Vynall,573-376-3301,svynallpt@flickr.com,35
Mada Caudwell,474-269-3305,mcaudwellpu@printfriendly.com,88
Tremain Gerrett,710-327-5465,tgerrettpv@zimbio.com,3
Jere Gladdifh,200-555-4695,jgladdifhpw@tinyurl.com,22
Lily Hillin,367-786-9429,lhillinpx@flavors.me,99
Fairlie Howles,583-897-5706,fhowlespy@who.int,79
Corliss Tallis,612-310-7269,ctallispz@ft.com,43
Brandie Bouzek,179-671-3941,bbouzekq0@smugmug.com,58
Anatol Krienke,688-235-4211,akrienkeq1@zdnet.com,83
Berry Jodlowski,983-888-6794,bjodlowskiq2@yellowpages.com,68
Blanch Binford,711-302-2588,bbinfordq3@theglobeandmail.com,6
Jewel Calltone,980-383-5225,jcalltoneq4@surveymonkey.com,65
Arleen Brundill,561-487-5677,abrundillq5@nba.com,64
Bernie Sevior,761-672-8593,bseviorq6@google.co.uk,10
Bonnee Lindsley,572-249-5381,blindsleyq7@patch.com,8
Templeton Hirth,244-166-8718,thirthq8@vimeo.com,8
Dennison Castro,908-722-2513,dcastroq9@friendfeed.com,5
Keir Kehoe,343-797-5781,kkehoeqa@gravatar.com,100
Beatrice Duck,721-860-2560,bduckqb@nature.com,4
Peter Sargison,146-739-6973,psargisonqc@nyu.edu,75
Arther Van Zon,121-113-1754,avanqd@bigcartel.com,36
Gregg Dwelly,721-824-3496,gdwellyqe@wikipedia.org,21
Annalise Brittin,425-643-3768,abrittinqf@tmall.com,68
Noelle Djokic,793-667-8592,ndjokicqg@irs.gov,18
Caty Blachford,459-880-6198,cblachfordqh@imgur.com,95
Eugine Perkinson,618-639-0937,eperkinsonqi@disqus.com,8
Cheryl Zouch,701-124-7987,czouchqj@about.me,79
Alia MacMenamy,304-921-4212,amacmenamyqk@xrea.com,86
Chad Feeny,682-799-8026,cfeenyql@nymag.com,8
Violetta Ringwood,328-548-2298,vringwoodqm@nsw.gov.au,38
Eleanore Boteman,289-361-0022,ebotemanqn@oakley.com,61
Adelind Hatherleigh,819-241-8758,ahatherleighqo@imdb.com,62
Aldo Sherwyn,866-586-6484,asherwynqp@clickbank.net,89
Charlton Mayne,788-415-2782,cmayneqq@com.com,2
Marchall Grice,426-583-0697,mgriceqr@smugmug.com,52
La verne Cecely,343-346-2672,lverneqs@discovery.com,38
Kendell Shawdforth,786-639-0731,kshawdforthqt@edublogs.org,93
Lizbeth McNelly,256-697-6778,lmcnellyqu@prlog.org,38
Saxe Kettlestringe,617-939-1947,skettlestringeqv@printfriendly.com,31
Phaedra Tallman,310-658-6251,ptallmanqw@domainmarket.com,3
Nye Depka,145-674-9231,ndepkaqx@arstechnica.com,92
Farly Pocock,243-410-6817,fpocockqy@slideshare.net,10
Gladys Thorn,327-598-2595,gthornqz@google.co.jp,68
Amelita Bartholomew,789-484-7344,abartholomewr0@ow.ly,85
Malorie O'Moylan,554-169-6657,momoylanr1@google.co.uk,43
Elyse Claiden,518-735-5963,eclaidenr2@cnn.com,81
Jedediah MacTerlagh,298-241-7274,jmacterlaghr3@google.com.br,47
Grazia Mainston,457-954-9277,gmainstonr4@hexun.com,63
Wright Ecles,792-771-2970,weclesr5@issuu.com,58
Eliza Corstan,358-717-5060,ecorstanr6@rakuten.co.jp,72
Arlen Dablin,635-130-7408,adablinr7@github.com,66
Pavel Stive,311-418-8094,pstiver8@sciencedirect.com,98
Emile Scintsbury,852-357-3371,escintsburyr9@ox.ac.uk,27
Kipp Pilch,678-166-9673,kpilchra@youtube.com,55
Alvin O'Looney,700-199-0993,aolooneyrb@toplist.cz,56
Koenraad Eastgate,590-466-5911,keastgaterc@time.com,24
Alex Sills,557-320-7399,asillsrd@tamu.edu,3
Ofella Pagin,473-787-4825,opaginre@foxnews.com,17
Aeriela Burton,542-410-5630,aburtonrf@bizjournals.com,32
Erasmus Kirvin,725-446-8419,ekirvinrg@istockphoto.com,9
Shayne Burkhill,805-139-8243,sburkhillrh@ucoz.ru,40
Anselma Willowby,180-805-0861,awillowbyri@shareasale.com,79
Ravi Minucci,159-164-9415,rminuccirj@google.de,100
Bernita Niccols,967-189-0087,bniccolsrk@tinypic.com,41
Vyky Heales,363-760-3485,vhealesrl@phpbb.com,93
Tamar Lyal,965-465-5077,tlyalrm@ed.gov,57
Shae Doles,436-340-4745,sdolesrn@w3.org,28
Berrie Sigars,347-626-7699,bsigarsro@census.gov,11
Torey Collihole,720-866-5405,tcolliholerp@wordpress.org,67
Marv Alessandrelli,177-616-9280,malessandrellirq@studiopress.com,23
Jude Lannin,350-221-7394,jlanninrr@geocities.com,68
